prompt_id,system_id,retrieved_k,faithfulness,answer_relevancy,context_recall
Math-Test-2360,A,3,0.25,0.8017455569321327,0.6666666666666666
Math-Test-1076,A,3,0.5714285714285714,0.8155866264191287,0.25
Math-Test-2052,A,3,1.0,0.640432735590812,0.9333333333333333
Math-Test-1795,A,3,0.8888888888888888,0.7306886675651897,0.625
Math-Test-1579,A,3,0.7142857142857143,0.9516441492483828,0.6666666666666666
Math-Test-2614,A,3,1.0,0.6963073660100191,0.16666666666666666
Math-Test-2895,A,3,,0.5684005709322496,0.4444444444444444
Math-Test-1327,A,3,0.47058823529411764,0.7676734820864531,0.75
Math-Test-2615,A,3,,0.7816194812829685,0.5555555555555556
Math-Test-575,A,3,0.75,0.7839577778488497,0.75
Math-Test-1773,A,3,0.6666666666666666,0.6951413377927226,0.3333333333333333
Math-Test-244,A,3,0.6666666666666666,0.73319950728841,0.8571428571428571
Math-Test-2110,A,3,0.3333333333333333,0.9106610845602859,0.8235294117647058
Math-Test-1749,A,3,1.0,0.8646299945037547,0.4
Math-Test-1236,A,3,0.96875,0.6690177240339671,0.7
Math-Test-255,A,3,0.25,0.8896406257515777,0.8571428571428571
Math-Test-2269,A,3,,0.6259281079861907,0.6666666666666666
Math-Test-2159,A,3,0.5454545454545454,0.7713331469295608,0.0
Math-Test-692,A,3,0.8333333333333334,0.8009807311565854,0.6666666666666666
Math-Test-743,A,3,0.3333333333333333,0.9387937092957754,0.6
Math-Test-1873,A,3,0.42857142857142855,0.6980449360359137,0.16666666666666666
Math-Test-2487,A,3,1.0,0.7081155060066726,0.5
Math-Test-674,A,3,0.16666666666666666,0.873559402836458,0.3333333333333333
Math-Test-1635,A,3,0.7,0.76944385505959,0.25
Math-Test-2113,A,3,0.7,0.5836359458811632,0.5714285714285714
Math-Test-1636,A,3,0.7,0.7050856580230906,0.8571428571428571
Math-Test-1536,A,3,1.0,0.8048287539948203,0.6666666666666666
Math-Test-958,A,3,1.0,0.6436309082606786,0.5
Math-Test-2875,A,3,1.0,0.7064403826971616,0.2
Math-Test-2951,A,3,0.8333333333333334,0.52929614666558,0.0
Math-Test-1819,A,3,0.7272727272727273,0.6476552202245199,0.6
Math-Test-1324,A,3,0.5,0.6755477804881131,0.0
Math-Test-1384,A,3,0.5,0.7561351144695533,0.6666666666666666
Math-Test-2452,A,3,0.625,0.7107313521415137,0.2857142857142857
Math-Test-88,A,3,1.0,0.5049816728617516,0.2857142857142857
Math-Test-2138,A,3,0.3333333333333333,0.727371153153995,0.4
Math-Test-1477,A,3,0.8,0.8259913087620987,0.5
Math-Test-2473,A,3,0.5,0.8020542715002191,0.14285714285714285
Math-Test-1178,A,3,0.7272727272727273,0.8000503997886912,0.3333333333333333
Math-Test-2652,A,3,0.5,0.9684680546040263,0.2
Math-Test-1417,A,3,0.5833333333333334,0.7001849680474176,0.42857142857142855
Math-Test-1478,A,3,,0.8270876218903385,0.5714285714285714
Math-Test-1016,A,3,0.7894736842105263,0.7714822365707924,1.0
Math-Test-2426,A,3,0.75,0.8692733948898247,0.625
Math-Test-1326,A,3,,0.6859224387159069,0.8
Math-Test-2333,A,3,0.5555555555555556,0.870298763577051,0.25
Math-Test-1433,A,3,0.2,0.8812623085761407,0.5
Math-Test-1533,A,3,0.42857142857142855,0.7969363509583859,0.25
Math-Test-336,A,3,,0.8082561308195461,0.5555555555555556
Math-Test-573,A,3,0.6666666666666666,0.7417682683245785,0.7857142857142857
Math-Test-2360,B,3,0.8888888888888888,0.797626845027973,0.6666666666666666
Math-Test-1076,B,3,0.5,0.7399246520858164,0.25
Math-Test-2052,B,3,0.9444444444444444,0.640432735590812,0.9333333333333333
Math-Test-1795,B,3,0.7142857142857143,0.6606932425319968,0.625
Math-Test-1579,B,3,0.4,0.9608012366237494,0.6666666666666666
Math-Test-2614,B,3,0.8571428571428571,0.8246386157607898,0.16666666666666666
Math-Test-2895,B,3,0.8571428571428571,0.8134378026099717,0.4444444444444444
Math-Test-1327,B,3,0.5833333333333334,0.7676734820864531,0.75
Math-Test-2615,B,3,,0.7816194812829685,0.5555555555555556
Math-Test-575,B,3,0.4444444444444444,0.727222981758494,0.75
Math-Test-1773,B,3,0.625,0.7342835075359623,0.3333333333333333
Math-Test-244,B,3,0.6666666666666666,0.73319950728841,0.8571428571428571
Math-Test-2110,B,3,,0.6877668579803046,0.8235294117647058
Math-Test-1749,B,3,0.6666666666666666,0.7748436717785309,0.4
Math-Test-1236,B,3,,0.7144512367120344,0.7
Math-Test-255,B,3,0.5,0.7865177538246794,0.8571428571428571
Math-Test-2269,B,3,0.625,0.6499252247379133,0.6666666666666666
Math-Test-2159,B,3,0.6153846153846154,0.6978764115290167,0.0
Math-Test-692,B,3,1.0,0.7967925701004223,0.6666666666666666
Math-Test-743,B,3,0.4444444444444444,0.8368707554556392,0.6
Math-Test-1873,B,3,0.42857142857142855,0.7621639465205012,0.16666666666666666
Math-Test-2487,B,3,0.8888888888888888,0.8370062464473454,0.5
Math-Test-674,B,3,0.2,0.8542991740619476,0.3333333333333333
Math-Test-1635,B,3,0.42857142857142855,0.6854752769519495,0.25
Math-Test-2113,B,3,0.46153846153846156,0.5787927171066526,0.5714285714285714
Math-Test-1636,B,3,0.75,0.6509569671007757,0.8571428571428571
Math-Test-1536,B,3,0.8,0.7256841347845201,0.6666666666666666
Math-Test-958,B,3,0.4583333333333333,0.806719027611395,0.5
Math-Test-2875,B,3,1.0,0.753104736870069,0.2
Math-Test-2951,B,3,0.5555555555555556,0.572684249739476,0.0
Math-Test-1819,B,3,0.7272727272727273,0.6476552202245199,0.6
Math-Test-1324,B,3,0.5,0.8232032906333305,0.0
Math-Test-1384,B,3,0.9090909090909091,0.8836689082273536,0.6666666666666666
Math-Test-2452,B,3,0.2857142857142857,0.9076302124609744,0.2857142857142857
Math-Test-88,B,3,0.875,0.8200408562993569,0.2857142857142857
Math-Test-2138,B,3,0.8,0.7541346134630681,0.4
Math-Test-1477,B,3,1.0,0.8454525281018596,0.5
Math-Test-2473,B,3,0.5,0.7351844174637517,0.14285714285714285
Math-Test-1178,B,3,0.375,0.7745952312188349,0.3333333333333333
Math-Test-2652,B,3,0.14285714285714285,0.7226100580380422,0.2
Math-Test-1417,B,3,0.5833333333333334,0.7001181187116923,0.42857142857142855
Math-Test-1478,B,3,,0.7518360259294173,0.5714285714285714
Math-Test-1016,B,3,0.3333333333333333,0.4209588888270783,1.0
Math-Test-2426,B,3,0.5714285714285714,0.9131233040788623,0.625
Math-Test-1326,B,3,0.6,0.6911278921791867,0.8
Math-Test-2333,B,3,0.5555555555555556,0.8720088728033725,0.25
Math-Test-1433,B,3,0.3333333333333333,0.8812623085761407,0.5
Math-Test-1533,B,3,0.42857142857142855,0.8233960017865133,0.25
Math-Test-336,B,3,0.5833333333333334,0.7804776841200596,0.5555555555555556
Math-Test-573,B,3,0.6,0.6761923990059754,0.7857142857142857
